action_mailbox/ingresses/mailgun/inbound_emails#create	app/controllers/action_mailbox/ingresses/mailgun/inbound_emails_controller.rb	framework_or_missing
action_mailbox/ingresses/mandrill/inbound_emails#create	app/controllers/action_mailbox/ingresses/mandrill/inbound_emails_controller.rb	framework_or_missing
action_mailbox/ingresses/mandrill/inbound_emails#health_check	app/controllers/action_mailbox/ingresses/mandrill/inbound_emails_controller.rb	framework_or_missing
action_mailbox/ingresses/postmark/inbound_emails#create	app/controllers/action_mailbox/ingresses/postmark/inbound_emails_controller.rb	framework_or_missing
action_mailbox/ingresses/relay/inbound_emails#create	app/controllers/action_mailbox/ingresses/relay/inbound_emails_controller.rb	framework_or_missing
action_mailbox/ingresses/sendgrid/inbound_emails#create	app/controllers/action_mailbox/ingresses/sendgrid/inbound_emails_controller.rb	framework_or_missing
active_storage/blobs/proxy#show	app/controllers/active_storage/blobs/proxy_controller.rb	framework_or_missing
active_storage/blobs/redirect#show	app/controllers/active_storage/blobs/redirect_controller.rb	framework_or_missing
active_storage/direct_uploads#create	app/controllers/active_storage/direct_uploads_controller.rb	framework_or_missing
active_storage/disk#show	app/controllers/active_storage/disk_controller.rb	framework_or_missing
active_storage/disk#update	app/controllers/active_storage/disk_controller.rb	framework_or_missing
active_storage/representations/proxy#show	app/controllers/active_storage/representations/proxy_controller.rb	framework_or_missing
active_storage/representations/redirect#show	app/controllers/active_storage/representations/redirect_controller.rb	framework_or_missing
rails/conductor/action_mailbox/inbound_emails#create	app/controllers/rails/conductor/action_mailbox/inbound_emails_controller.rb	framework_or_missing
rails/conductor/action_mailbox/inbound_emails#index	app/controllers/rails/conductor/action_mailbox/inbound_emails_controller.rb	framework_or_missing
rails/conductor/action_mailbox/inbound_emails#new	app/controllers/rails/conductor/action_mailbox/inbound_emails_controller.rb	framework_or_missing
rails/conductor/action_mailbox/inbound_emails#show	app/controllers/rails/conductor/action_mailbox/inbound_emails_controller.rb	framework_or_missing
rails/conductor/action_mailbox/inbound_emails/sources#create	app/controllers/rails/conductor/action_mailbox/inbound_emails/sources_controller.rb	framework_or_missing
rails/conductor/action_mailbox/inbound_emails/sources#new	app/controllers/rails/conductor/action_mailbox/inbound_emails/sources_controller.rb	framework_or_missing
rails/conductor/action_mailbox/incinerates#create	app/controllers/rails/conductor/action_mailbox/incinerates_controller.rb	framework_or_missing
rails/conductor/action_mailbox/reroutes#create	app/controllers/rails/conductor/action_mailbox/reroutes_controller.rb	framework_or_missing
rails/health#show	app/controllers/rails/health_controller.rb	framework_or_missing
turbo/native/navigation#recede	app/controllers/turbo/native/navigation_controller.rb	framework_or_missing
turbo/native/navigation#refresh	app/controllers/turbo/native/navigation_controller.rb	framework_or_missing
turbo/native/navigation#resume	app/controllers/turbo/native/navigation_controller.rb	framework_or_missing
