absolute_path_for	13
allowed_by_policy?	2
allowed_wallpaper_upload?	0
apply_control	2
apply_theme	3
apply_wallpaper_image	6
asset_disk_path	2
asset_file	10
asset_file_attributes	3
asset_file_body	2
assign_payload	2
audio_asset_document?	0
basename_from_filename	2
basename_without_supported_extension	4
begin_sync!	2
blank_state	2
build_favorites_tree_nodes	2
build_panel_search_results	2
build_task_list_attributes	3
build_tree_nodes	2
build_tree_nodes_from_rows	2
build_uploaded_asset_document	3
build_uploaded_text_document	2
call	68
can_delete?	3
can_move_file?	2
can_move_folder?	1
can_open_in_app?	0
can_rename?	2
can_save_into_folder?	4
can_toggle_favorite?	0
can_upload_to_folder?	0
can_view?	2
candidate_folders	2
canonical_draft_for_embedded	4
clamp_f	2
clamp_float	2
clamp_i	8
clamp_integer	15
clear_draft!	0
clear_wallpaper_picks!	0
close_inline_styles	4
color_index	2
colortbl_rtf	2
content_window_shell	8
convert	5
convert_element	2
convert_node	15
create	140
create_draft!	0
create_file	5
create_folder	2
create_root_folder	4
create_subfolder	4
current_user	48
default_state	5
default_theme_snapshot	3
default_welcome_note_html	3
descendant_documents_for_finder_tree	3
destroy	45
disk_asset_file?	0
disk_extension_for_file	3
document_for	6
document_in_any_finder_section?	0
document_in_finder_subtree?	0
draft_document?	0
draft_file	14
dump	9
edit	74
eligible_asset?	0
embedded_folder_for	3
emit_byte	2
emit_unicode	2
end_sync!	2
ensure!	2
ensure_default_theme	5
ensure_embedded_folder!	0
ensure_finder_container!	2
ensure_for_user!	2
ensure_loaded!	7
ensure_roots!	2
ensure_section_roots!	0
ensure_storage_files	2
ensure_storage_roots!	3
ensure_synced_to_disk!	0
ensure_task_document	2
expanded_folder_ids_on_path	2
extract_metadata_and_body	3
extract_rgb	2
extract_unified_metadata_and_body	4
failure	17
favorited_flag_for	5
favorites_column_available?	4
fetch_or_create	15
file?	13
file_list	6
files	128
files_must_have_valid_content_type	2
find_or_build_document	2
find_or_initialize_by_storage_path	3
finder_asset_file_kind_from_extension	4
finder_document_display_title	10
finder_embed_layout?	3
finder_file_icon_for_content_type	5
finder_folder_for	1
finder_folder_ids_in_subtree	2
finder_section_key_for_document	4
finder_section_label	5
finder_section_root_for_document	2
folder?	28
folder_allowed?	0
folder_parent_relative_path	3
folders_cannot_have_content	2
forbidden_message	2
format_ts	3
hidden_path?	0
html_to_rtf	4
html_wrapped?	0
image_asset_document?	0
in_embedded_subtree?	2
in_finder_section?	5
index	124
infer_app_key_from_frame_id	3
integer_string	3
iso8601_or_nil	2
item_file_contents	3
known_folder_name?	0
launcher_grid_entries	2
layout_themes_file	4
li_inner_skip_ui	4
load	28
load_organizer_data	5
logged_in?	5
manager_for_username	3
mark_files_favorited_in_subtree!	0
material_symbol_icon	54
migrate_documents_section_to_tasks!	0
migrate_folder_title_to_canonical!	0
migrate_legacy_favorites_folder!	0
migrate_legacy_notes_folder_from_tasks!	0
modern_root_css	2
move_file	4
move_folder	4
new	308
new_untitled_placeholder?	1
next_available_directory_name	3
next_available_filename	3
next_folder_name	3
next_item_title	2
nexus_clickable_row_main_class	3
normalize_appearance	4
normalize_content_type	2
normalize_defaults	2
normalize_login_fields	2
normalize_name	3
normalize_reset_days	2
normalize_save_document_id	2
normalize_serialized_text	2
normalize_tasks	4
normalize_uploaded_file_list	2
normalized_section_key	5
not_in_finder_message	2
note_rtf_file_body	2
numeric_id?	0
ok	85
organizer_fragment	4
origin_section_key_from_storage_path	3
panel_search	3
panel_search_app_key_for	2
panel_search_display_title	2
panel_search_files_for_workspace	2
panel_search_icon_for	2
panel_search_result_payload	2
panel_search_searchable_content	2
para_prefix	2
parent_must_be_folder	2
parent_relative_path	3
parse	25
parse_boolean	2
parse_expanded_folder_ids_param	2
parse_integer	3
parse_json_file	3
parse_legacy_frontmatter	2
parse_meta	2
parse_nexus_file	3
parse_note	3
parse_note_from_unified	4
parse_note_rtf_file	2
parse_reset_days	2
parse_task_list	4
parse_tasks_payload	2
parse_time	11
parse_unified	2
parse_unified_file	2
password_error	2
password_params	4
path_taken?	0
payload	206
payload_for	3
persist	32
persist!	3
persist_document	5
persist_storage_path	5
persist_title_from_basename	5
pick_primary_folder	2
plain_text_from_note_html	2
preferences_manager	7
protected_embedded_draft?	0
protected_workspace_structure?	10
provision_workspace_root_folder	4
purge_missing_from_database!	0
read_control	2
read_state_data	2
read_text	2
read_themes_data	2
redirect_top_level_frame_requests	2
relative_disk_path	3
rename	82
require_login	3
resolve_and_normalize!	1
resolve_browse_folder	2
resolve_operation	2
resolved_task_document	2
revert_filesystem_move	2
root_css_for_payload	2
root_folder	36
rtf_escape	3
rtf_to_html	4
same_realpath?	0
save_file	7
section_roots	8
self.call	6
self.destroy	1
self.document_in_embedded_subtree?	0
self.dump	1
self.ensure_for_user!	0
self.find_for_login	1
self.load	1
self.openable_document_for	1
self.persist	1
self.section_roots_for	1
self.workspace_root_for	1
serialize_file	2
set_current_attributes	2
set_document	2
set_no_cache_headers	2
show	30
skip_balanced_group	2
skip_escape_sequence	2
skippable_braced_header?	2
source_task_payload	2
span_rtf	2
state_from_meta	3
storage_root	38
strip_supported_extension	3
success	94
success?	50
supported_file_extension?	0
sync!	2
sync_create_to_disk	2
sync_destroy_on_disk	5
sync_destroy_on_disk!	2
sync_folder_update	2
sync_from_disk	8
sync_from_disk!	0
sync_item_update	2
sync_state_wallpaper_from_theme!	0
sync_to_disk!	2
sync_update_to_disk	2
sync_workspace_after_username_change	2
syncable_persisted_record?	3
syncing?	7
task_list_line	3
text_like_finder_upload_extension?	0
theme_picker_payload	2
theme_summaries	3
time_string	3
title_cannot_start_with_dot	2
toggle_favorite	4
toggle_style	7
tree_node_for_favorite	2
tree_node_for_file	4
tree_node_from_doc	3
truthy?	0
unified_header_lines	4
unified_note_contents	2
unified_task_list_contents	2
unquote	2
update	45
update_child_storage_paths_for_folder_rename	2
update_document_storage_paths!	2
update_password	2
update_username	2
upload_filename_stem	3
upload_images	5
upsert_file_from_path!	0
upsert_files_from_disk!	0
upsert_folders_from_disk!	0
user_workspace_root?	10
username_params	3
validation_error	4
wallpaper_apply_image_document_id_param	2
wallpaper_doc_eligible_for_user?	0
wallpaper_gradient_picker_for	1
wallpaper_image_boot_active?	0
wallpaper_state_for_boot	2
wallpaper_state_slice	3
with_disk_sync_suppressed	3
within_tree?	0
workspace_designated_folder	1
workspace_desktop_boot_layer_attributes	2
workspace_finder_root_folder	1
workspace_root_folder	2
workspace_section_definitions	9
workspace_section_root	36
workspace_section_roots	5
workspace_state_file	4
workspace_storage_dir	4
workspace_theme_boot_html_attributes	3
workspace_theme_boot_payload	6
workspace_theme_boot_style_tag	3
wrap_plain	4
write_state_data	5
write_themes_data	5
