ApplicationController	6
ApplicationHelper	2
ApplicationJob	2
ApplicationMailer	2
ApplicationRecord	4
Apps	87
AudioController	2
BaseController	11
Context	3
CreateFile	5
CreateSubfolder	5
Current	14
Document	172
DocumentDiskLoader	35
DocumentPersistence	20
DocumentPolicy	17
DocumentStorageSyncLite	47
Documents	33
DocumentsController	4
EmbeddedDraftDocument	21
EmbeddedIimageFolder	10
Error	15
FinderController	57
FinderListedFolders	15
FinderWorkspaceInitializer	25
HtmlToRtf	3
ImagesController	2
LinkedAppSaveToDocument	4
Manager	8
MaterialIconsHelper	3
MoveDocument	6
NexusFileFormat	15
NexusUiHelper	5
NoteRtfConverter	10
NotesController	2
OpenLinkedDocument	14
OperationResult	42
Parser	3
RtfToHtml	5
SaveFile	5
SessionsController	2
Support	42
Tasks	1542
TasksController	3
TimeCardController	2
TimeCardDocumentCodec	11
UpdatePassword	5
UpdateUsername	5
UploadFiles	5
User	89
UserController	3
WallpaperIimageController	2
WelcomeWorkspaceSeed	3
WorkspaceDocumentAccess	2
WorkspacePreferences	7
WorkspacePreferencesController	3
WorkspaceThemeBoot	6
WorkspaceUserFolderRename	7
